row	from	event	guard	to	expanded_from	expanded_events	expanded_to
R001	`queued`	admission.checked	Dependency unmet/failed	`dependency_blocked`	queued	admission.checked	dependency_blocked
R002	`dependency_blocked`	dependency.satisfied	All prerequisites satisfied	`queued`	dependency_blocked	dependency.satisfied	queued
R003	`queued`	admission.checked	Dependencies satisfied; no free slot	`queued`	queued	admission.checked	queued
R004	`queued`	admission.checked	Slot free; continuation = build; rounds below cap	`building`	queued	admission.checked	building
R005	`queued`	admission.checked	Slot free; continuation = build; rounds at cap	`round_exhausted`	queued	admission.checked	round_exhausted
R006	`queued`	admission.checked	Slot free; continuation = review; valid work/head/gates	`reviewing`	queued	admission.checked	reviewing
R007	`queued`	admission.checked	Slot free; continuation = merge; authorized exact head	`merging`	queued	admission.checked	merging
R008	`queued`	admission.checked	Slot free; continuation = closer; accepted scoped waiver	`closer_running`	queued	admission.checked	closer_running
R009	`queued`	admission.checked	Slot free; continuation = job	`job_authorizing`	queued	admission.checked	job_authorizing
R010	`queued`	admission.checked	Slot free; continuation = saved_phase; validated return_state and reconciled effects	Saved return_state	queued	admission.checked	building,gating,reviewing,approving,merging,job_authorizing,job_running,job_verifying,closer_running
R011	`queued`	admission.checked	Slot free; continuation evidence invalid	`needs_decision`	queued	admission.checked	needs_decision
R012	`building`, `reviewing`	workspace.failed	Known setup failure	`failed`	building,reviewing	workspace.failed	failed
R013	`building`, `reviewing`	workspace.uncertain	Ownership/cwd/head cannot be established	`needs_decision`	building,reviewing	workspace.uncertain	needs_decision
R014	`R`	run.started	Claimed effect; valid identities/cwd; first start receipt; start confirmed before launch deadline	Same from-state	building,reviewing,job_running,closer_running	run.started	building,reviewing,job_running,closer_running
R015	`R`	run.started	Claimed effect; valid identities/cwd; first start receipt; launch deadline already expired	Same from-state	building,reviewing,job_running,closer_running	run.started	building,reviewing,job_running,closer_running
R016	`I`	identity.refused	Session unknown/mismatched/ineligible; no changed service state; child confirmed absent	`needs_decision`	building,reviewing,approving,job_authorizing,job_running,job_verifying,closer_running	identity.refused	needs_decision
R017	`I`	identity.refused	Session unknown/mismatched/ineligible; no changed service state; live verified child	`quiescing`	building,reviewing,approving,job_authorizing,job_running,job_verifying,closer_running	identity.refused	quiescing
R018	`I`	identity.refused	Child identity/existence or service effect safety unknown	`needs_decision`	building,reviewing,approving,job_authorizing,job_running,job_verifying,closer_running	identity.refused	needs_decision
R019	`J`	identity.refused	Changed service state; child verified/absent; backup available	`job_rolling_back`	job_running,job_verifying	identity.refused	job_rolling_back
R020	`J`	identity.refused	Changed service state; child verified/absent; backup unavailable	`job_rollback_failed`	job_running,job_verifying	identity.refused	job_rollback_failed
R021	`R`	run.launch_failed	Child confirmed absent; launch retry budget remains	Same from-state	building,reviewing,job_running,closer_running	run.launch_failed	building,reviewing,job_running,closer_running
R022	`building`, `reviewing`, `closer_running`	run.launch_failed	Child absent; launch budget exhausted	`failed`	building,reviewing,closer_running	run.launch_failed	failed
R023	`job_running`	run.launch_failed	Child absent; launch budget exhausted	`job_failed`	job_running	run.launch_failed	job_failed
R024	`W`	effect.uncertain	Process/approval/job result cannot be reconciled (merge uncertainty uses merge.blocked)	`needs_decision`	queued,building,gating,reviewing,awaiting_acceptance,approving,merging,job_authorizing,job_running,job_verifying,job_rolling_back,closer_running,quiescing,finished_awaiting_human,needs_decision,dependency_blocked,paused,awaiting_merge	effect.uncertain	needs_decision
R025	`building`	run.finished	Exit 0; sanitized result available	`gating`	building	run.finished	gating
R026	`building`	run.finished	Exit 0; required result/handoff unavailable	`failed`	building	run.finished	failed
R027	`building`, `reviewing`, `closer_running`	run.failed	Crash/nonzero/idle/wall deadline; confirmed safe retry; budget remains; if worker, another round available	Same from-state	building,reviewing,closer_running	run.failed	building,reviewing,closer_running
R028	`building`	run.failed	Safe retry available but no worker round capacity	`round_exhausted`	building	run.failed	round_exhausted
R029	`building`, `reviewing`, `closer_running`	run.failed	Retry disabled/exhausted or known unsafe to repeat	`failed`	building,reviewing,closer_running	run.failed	failed
R030	`gating`	gate.passed	More configured gates remain	`gating`	gating	gate.passed	gating
R031	`gating`	gate.passed	All required gates passed/exempted at current head	`reviewing`	gating	gate.passed	reviewing
R032	`gating`	gate.failed	Repairable finish/check failure; nudge budget remains	`building`	gating	gate.failed	building
R033	`gating`	gate.failed	Repairable failure; nudge budget exhausted	`failed`	gating	gate.failed	failed
R034	`gating`	gate.failed	Nonrepairable deterministic required gate failure	`failed`	gating	gate.failed	failed
R035	`gating`	gate.error	Deterministic required gate/discovery error	`failed`	gating	gate.error	failed
R036	`gating`	checks.absent	No applicable check and no recorded exemption	`needs_decision`	gating	checks.absent	needs_decision
R037	`gating`, `B`	judgment.unavailable	Judgment optional	Same from-state	gating,building,reviewing,closer_running	judgment.unavailable	gating,building,reviewing,closer_running
R038	`gating`, `B`	judgment.unavailable	Judgment required; no live child	`needs_decision`	gating,building,reviewing,closer_running	judgment.unavailable	needs_decision
R039	`B`	judgment.unavailable	Judgment required; live known child	`quiescing`	building,reviewing,closer_running	judgment.unavailable	quiescing
R040	`gating`, `B`	judgment.result	Valid response = continue	Same from-state	gating,building,reviewing,closer_running	judgment.result	gating,building,reviewing,closer_running
R041	`gating`, `B`	judgment.result	Valid response = flag_loop/flag_review_gap/needs_decision; no live child	`needs_decision`	gating,building,reviewing,closer_running	judgment.result	needs_decision
R042	`B`	judgment.result	Valid flag response; live known child	`quiescing`	building,reviewing,closer_running	judgment.result	quiescing
R043	`reviewing`	review.verdict	Malformed/duplicate/unknown/findings invalid; exit 0	`failed`	reviewing	review.verdict	failed
R044	`reviewing`	review.verdict	Valid REJECT; exit 0; another round available	`queued`	reviewing	review.verdict	queued
R045	`reviewing`	review.verdict	Valid REJECT; exit 0; round cap reached	`round_exhausted`	reviewing	review.verdict	round_exhausted
R046	`reviewing`	review.verdict	Valid NEEDS-DECISION; exit 0	`needs_decision`	reviewing	review.verdict	needs_decision
R047	`reviewing`	review.verdict	Valid APPROVE; exit 0; head/identity current; human acceptance required	`awaiting_acceptance`	reviewing	review.verdict	awaiting_acceptance
R048	`reviewing`	review.verdict	Valid APPROVE; exit 0; head/identity current; no human acceptance required	`approving`	reviewing	review.verdict	approving
R049	`reviewing`, `awaiting_acceptance`, `approving`, `merging`, `closer_running`	head.changed	Reviewed/waived head changed or reviewer edited worktree; no live child	`needs_decision`	reviewing,awaiting_acceptance,approving,merging,closer_running	head.changed	needs_decision
R050	`reviewing`, `closer_running`	head.changed	Head changed or review worktree edited; live known child	`quiescing`	reviewing,closer_running	head.changed	quiescing
R051	`awaiting_acceptance`	decision.recorded	Authorized acceptance; normal reviewer continuation; exact head valid; slot available	`approving`	awaiting_acceptance	decision.recorded	approving
R052	`awaiting_acceptance`	decision.recorded	Authorized acceptance; normal reviewer continuation; exact head valid; no slot	`awaiting_acceptance`	awaiting_acceptance	decision.recorded	awaiting_acceptance
R053	`awaiting_acceptance`	acceptance.ready	Saved acceptance current; normal reviewer continuation; slot now free	`approving`	awaiting_acceptance	acceptance.ready	approving
R054	`awaiting_acceptance`	decision.recorded	Authorized acceptance; closer continuation; head/waiver current	`queued`	awaiting_acceptance	decision.recorded	queued
R055	`awaiting_acceptance`	decision.recorded	Authorized acceptance declined	`acceptance_declined`	awaiting_acceptance	decision.recorded	acceptance_declined
R056	`needs_decision`	decision.recorded	Authorized accepted waiver; scope/head/review current; no live/unknown child or unresolved effect; deadline not expired; human acceptance unnecessary/already recorded	`queued`	needs_decision	decision.recorded	queued
R057	`needs_decision`	decision.recorded	Authorized accepted waiver; scope/head/review current; safe effects/child exit; deadline not expired; required human acceptance missing	`awaiting_acceptance`	needs_decision	decision.recorded	awaiting_acceptance
R058	`closer_running`	job.finished	Exit 0; eligible independent closer; required human acceptance satisfied; approval receipt verified at head	`approving`	closer_running	job.finished	approving
R059	`closer_running`	job.finished	Exit 0 but required approval evidence missing/refused	`failed`	closer_running	job.finished	failed
R060	`approving`	tracker.approved	Readback/actor/head valid; merge policy manual	`finished_awaiting_human`	approving	tracker.approved	finished_awaiting_human
R061	`approving`	tracker.approved	Readback/actor/head valid; merge policy automatic	`merging`	approving	tracker.approved	merging
R062	`approving`	tracker.failed	Definitive non-identity refusal, schema error or failed readback (identity failures emit identity.refused)	`failed`	approving	tracker.failed	failed
R063	`merging`	merge.blocked	Draft unready, required check failed/pending, known API failure, or unconfirmed readback	`awaiting_merge`	merging	merge.blocked	awaiting_merge
R064	`merging`	merge.unsupported	Forge cannot atomically enforce expected SHA	`failed`	merging	merge.unsupported	failed
R065	`merging`	pr.ready	Approved head/current checks authorize readiness; draft readback ready	`merging`	merging	pr.ready	merging
R066	`merging`	merge.requested	Already ready; approval/head/checks valid	`merging`	merging	merge.requested	merging
R067	`merging`, `awaiting_merge`	pr.merged	Reconciled receipt proves expected head merged	`done`	merging,awaiting_merge	pr.merged	done
R068	`awaiting_merge`	resume.requested	Explicit authorization; same accepted head; pending effects reconciled absent; deadline not expired	`queued`	awaiting_merge	resume.requested	queued
R069	`finished_awaiting_human`	resume.requested	Recorded manual merge authorization; same accepted head; deadline not expired	`queued`	finished_awaiting_human	resume.requested	queued
R070	`finished_awaiting_human`, `awaiting_merge`	resume.requested	Accepted head stale	`needs_decision`	finished_awaiting_human,awaiting_merge	resume.requested	needs_decision
R071	`finished_awaiting_human`, `awaiting_merge`	resume.requested	Head current but authority/reconciliation/deadline guard false	Same from-state	finished_awaiting_human,awaiting_merge	resume.requested	finished_awaiting_human,awaiting_merge
R072	`H`	resume.requested	Recorded decision resolves blocker; saved continuation valid; no live/unknown child or unresolved effect; deadline not expired	`queued`	needs_decision,dependency_blocked	resume.requested	queued
R073	`H`	resume.requested	Successful-resume guard false	Same from-state	needs_decision,dependency_blocked	resume.requested	needs_decision,dependency_blocked
R074	`paused`	decision.recorded	Authorized non-waiver blocker resolution for saved needs_decision hold	`paused`	paused	decision.recorded	paused
R075	`paused`	resume.requested	Authorized pause resume; saved origin = queued; child/effects safe; queue continuation valid; deadline not expired	`queued`	paused	resume.requested	queued
R076	`paused`	resume.requested	Authorized pause resume; saved origin in A; child/effects safe; continuation evidence valid; deadline not expired	`queued`	paused	resume.requested	queued
R077	`paused`	resume.requested	Authorized pause resume; saved origin in P; child/effects safe; acceptance/merge holds retain same pinned head; deadline not expired	Saved pause_return_state	paused	resume.requested	awaiting_acceptance,finished_awaiting_human,needs_decision,dependency_blocked,awaiting_merge
R078	`paused`	resume.requested	Authorized pause resume; saved acceptance/merge hold has stale head; child/effects safe; deadline not expired	`needs_decision`	paused	resume.requested	needs_decision
R079	`paused`	resume.requested	None of the preceding pause-resume guards holds	`paused`	paused	resume.requested	paused
R080	`job_authorizing`	authorization.checked	Chosen job policy satisfied	`job_running`	job_authorizing	authorization.checked	job_running
R081	`job_authorizing`	authorization.checked	Policy undecided or required evidence absent	`needs_decision`	job_authorizing	authorization.checked	needs_decision
R082	`job_running`	job.finished	Exit 0; non-service; required effect/verification receipts valid	`job_succeeded`	job_running	job.finished	job_succeeded
R083	`job_running`	job.finished	Exit 0; authorized service runbook	`job_verifying`	job_running	job.finished	job_verifying
R084	`job_running`	job.finished	Exit 0 but non-service success evidence missing	`job_failed`	job_running	job.finished	job_failed
R085	`J`	job.failed	Known failure; no changed service state	`job_failed`	job_running,job_verifying	job.failed	job_failed
R086	`job_running`	run.failed	Confirmed no effects; safe retry budget remains	`job_running`	job_running	run.failed	job_running
R087	`job_running`	run.failed	No changed service state; safe retry guard false	`job_failed`	job_running	run.failed	job_failed
R088	`J`	job.failed / run.failed	Service state changed; backup receipt available	`job_rolling_back`	job_running,job_verifying	job.failed,run.failed	job_rolling_back
R089	`J`	job.failed / run.failed	Service state changed; backup unavailable	`job_rollback_failed`	job_running,job_verifying	job.failed,run.failed	job_rollback_failed
R090	`job_verifying`	run.failed	No changed service state	`job_failed`	job_verifying	run.failed	job_failed
R091	`job_verifying`	job.verified	All runbook receipts valid; probe passed	`job_succeeded`	job_verifying	job.verified	job_succeeded
R092	`job_rolling_back`	rollback.verified	Restore/reload/probe passed; no control target	`job_rolled_back`	job_rolling_back	rollback.verified	job_rolled_back
R093	`job_rolling_back`	rollback.verified	Restore/reload/probe passed; control target paused/stopped/needs_decision	Saved control target	job_rolling_back	rollback.verified	paused,stopped,needs_decision
R094	`job_rolling_back`	rollback.failed	Restore/reload/probe failed or timed out	`job_rollback_failed`	job_rolling_back	rollback.failed	job_rollback_failed
R095	`W`	stop.requested / pause.requested	No changed service state; not rolling back, quiescing or paused	`quiescing`	queued,building,gating,reviewing,awaiting_acceptance,approving,merging,job_authorizing,job_running,job_verifying,job_rolling_back,closer_running,quiescing,finished_awaiting_human,needs_decision,dependency_blocked,paused,awaiting_merge	stop.requested,pause.requested	quiescing
R096	`paused`	pause.requested	Already paused	`paused`	paused	pause.requested	paused
R097	`paused`	stop.requested	Child absent; effects safe	`quiescing`	paused	stop.requested	quiescing
R098	`W`	stop.requested / pause.requested	Service effect safety unknown outside J/rollback	`needs_decision`	queued,building,gating,reviewing,awaiting_acceptance,approving,merging,job_authorizing,job_running,job_verifying,job_rolling_back,closer_running,quiescing,finished_awaiting_human,needs_decision,dependency_blocked,paused,awaiting_merge	stop.requested,pause.requested	needs_decision
R099	`quiescing`	cancel.verified	Child absent/exited; cancellation receipt durable	Saved control target	quiescing	cancel.verified	paused,stopped,needs_decision
R100	`quiescing`	cancel.failed	Cannot confirm child exit or effect safety	`needs_decision`	quiescing	cancel.failed	needs_decision
R101	`quiescing`	stop.requested / pause.requested	Cancellation in progress	`quiescing`	quiescing	stop.requested,pause.requested	quiescing
R102	`J`	stop.requested / pause.requested	Service state changed; backup available	`job_rolling_back`	job_running,job_verifying	stop.requested,pause.requested	job_rolling_back
R103	`J`	stop.requested / pause.requested	Service state changed; backup unavailable	`job_rollback_failed`	job_running,job_verifying	stop.requested,pause.requested	job_rollback_failed
R104	`job_rolling_back`	stop.requested / pause.requested	Rollback in progress	`job_rolling_back`	job_rolling_back	stop.requested,pause.requested	job_rolling_back
R105	`W`	ticket.deadline	Enabled persisted deadline expired; no changed service state; not rolling back or quiescing	`quiescing`	queued,building,gating,reviewing,awaiting_acceptance,approving,merging,job_authorizing,job_running,job_verifying,job_rolling_back,closer_running,quiescing,finished_awaiting_human,needs_decision,dependency_blocked,paused,awaiting_merge	ticket.deadline	quiescing
R106	`W`	ticket.deadline	Expired; service effect safety unknown outside J/rollback	`needs_decision`	queued,building,gating,reviewing,awaiting_acceptance,approving,merging,job_authorizing,job_running,job_verifying,job_rolling_back,closer_running,quiescing,finished_awaiting_human,needs_decision,dependency_blocked,paused,awaiting_merge	ticket.deadline	needs_decision
R107	`J`	ticket.deadline	Deadline expired; changed service state; backup available	`job_rolling_back`	job_running,job_verifying	ticket.deadline	job_rolling_back
R108	`J`	ticket.deadline	Deadline expired; changed service state; backup unavailable	`job_rollback_failed`	job_running,job_verifying	ticket.deadline	job_rollback_failed
R109	`job_rolling_back`	ticket.deadline	Deadline expired	`job_rolling_back`	job_rolling_back	ticket.deadline	job_rolling_back
R110	`quiescing`	ticket.deadline	Deadline expired	`quiescing`	quiescing	ticket.deadline	quiescing
R111	`W`	recovery.observed	Known live supervised child or verified receipt	Same from-state	queued,building,gating,reviewing,awaiting_acceptance,approving,merging,job_authorizing,job_running,job_verifying,job_rolling_back,closer_running,quiescing,finished_awaiting_human,needs_decision,dependency_blocked,paused,awaiting_merge	recovery.observed	queued,building,gating,reviewing,awaiting_acceptance,approving,merging,job_authorizing,job_running,job_verifying,job_rolling_back,closer_running,quiescing,finished_awaiting_human,needs_decision,dependency_blocked,paused,awaiting_merge
R112	`R`	recovery.observed	Dead child; no exit receipt; safe effect state established	Same from-state	building,reviewing,job_running,closer_running	recovery.observed	building,reviewing,job_running,closer_running
R113	`S`	effect.observed	Matching pending effect ID; verified receipt	Same from-state	queued,building,gating,reviewing,awaiting_acceptance,approving,merging,job_authorizing,job_running,job_verifying,job_rolling_back,closer_running,quiescing,done,job_succeeded,finished_awaiting_human,needs_decision,dependency_blocked,paused,awaiting_merge,failed,stopped,round_exhausted,acceptance_declined,job_failed,job_rolled_back,job_rollback_failed,scheduler_recovering,scheduler_watching,scheduler_stopping,scheduler_stopped,scheduler_failed	effect.observed	queued,building,gating,reviewing,awaiting_acceptance,approving,merging,job_authorizing,job_running,job_verifying,job_rolling_back,closer_running,quiescing,done,job_succeeded,finished_awaiting_human,needs_decision,dependency_blocked,paused,awaiting_merge,failed,stopped,round_exhausted,acceptance_declined,job_failed,job_rolled_back,job_rollback_failed,scheduler_recovering,scheduler_watching,scheduler_stopping,scheduler_stopped,scheduler_failed
R114	`S`	lease.release_requested	Terminal/hold outcome; leased slot; child exit and required rollback receipts valid	Same from-state	queued,building,gating,reviewing,awaiting_acceptance,approving,merging,job_authorizing,job_running,job_verifying,job_rolling_back,closer_running,quiescing,done,job_succeeded,finished_awaiting_human,needs_decision,dependency_blocked,paused,awaiting_merge,failed,stopped,round_exhausted,acceptance_declined,job_failed,job_rolled_back,job_rollback_failed,scheduler_recovering,scheduler_watching,scheduler_stopping,scheduler_stopped,scheduler_failed	lease.release_requested	queued,building,gating,reviewing,awaiting_acceptance,approving,merging,job_authorizing,job_running,job_verifying,job_rolling_back,closer_running,quiescing,done,job_succeeded,finished_awaiting_human,needs_decision,dependency_blocked,paused,awaiting_merge,failed,stopped,round_exhausted,acceptance_declined,job_failed,job_rolled_back,job_rollback_failed,scheduler_recovering,scheduler_watching,scheduler_stopping,scheduler_stopped,scheduler_failed
R115	`W`	result.unsafe	Secret/unsafe result rejected before persistence; child/effects require reconciliation	`needs_decision`	queued,building,gating,reviewing,awaiting_acceptance,approving,merging,job_authorizing,job_running,job_verifying,job_rolling_back,closer_running,quiescing,finished_awaiting_human,needs_decision,dependency_blocked,paused,awaiting_merge	result.unsafe	needs_decision
R116	`S`	command.invalid / decision.invalid	Invalid input or missing authority	Same from-state	queued,building,gating,reviewing,awaiting_acceptance,approving,merging,job_authorizing,job_running,job_verifying,job_rolling_back,closer_running,quiescing,done,job_succeeded,finished_awaiting_human,needs_decision,dependency_blocked,paused,awaiting_merge,failed,stopped,round_exhausted,acceptance_declined,job_failed,job_rolled_back,job_rollback_failed,scheduler_recovering,scheduler_watching,scheduler_stopping,scheduler_stopped,scheduler_failed	command.invalid,decision.invalid	queued,building,gating,reviewing,awaiting_acceptance,approving,merging,job_authorizing,job_running,job_verifying,job_rolling_back,closer_running,quiescing,done,job_succeeded,finished_awaiting_human,needs_decision,dependency_blocked,paused,awaiting_merge,failed,stopped,round_exhausted,acceptance_declined,job_failed,job_rolled_back,job_rollback_failed,scheduler_recovering,scheduler_watching,scheduler_stopping,scheduler_stopped,scheduler_failed
R117	`S`	event.duplicate	Already observed effect/event ID	Same from-state	queued,building,gating,reviewing,awaiting_acceptance,approving,merging,job_authorizing,job_running,job_verifying,job_rolling_back,closer_running,quiescing,done,job_succeeded,finished_awaiting_human,needs_decision,dependency_blocked,paused,awaiting_merge,failed,stopped,round_exhausted,acceptance_declined,job_failed,job_rolled_back,job_rollback_failed,scheduler_recovering,scheduler_watching,scheduler_stopping,scheduler_stopped,scheduler_failed	event.duplicate	queued,building,gating,reviewing,awaiting_acceptance,approving,merging,job_authorizing,job_running,job_verifying,job_rolling_back,closer_running,quiescing,done,job_succeeded,finished_awaiting_human,needs_decision,dependency_blocked,paused,awaiting_merge,failed,stopped,round_exhausted,acceptance_declined,job_failed,job_rolled_back,job_rollback_failed,scheduler_recovering,scheduler_watching,scheduler_stopping,scheduler_stopped,scheduler_failed
R118	`S`	observation.recorded	Allowlisted progress/usage/heartbeat/notification/warning/start-intent	Same from-state	queued,building,gating,reviewing,awaiting_acceptance,approving,merging,job_authorizing,job_running,job_verifying,job_rolling_back,closer_running,quiescing,done,job_succeeded,finished_awaiting_human,needs_decision,dependency_blocked,paused,awaiting_merge,failed,stopped,round_exhausted,acceptance_declined,job_failed,job_rolled_back,job_rollback_failed,scheduler_recovering,scheduler_watching,scheduler_stopping,scheduler_stopped,scheduler_failed	observation.recorded	queued,building,gating,reviewing,awaiting_acceptance,approving,merging,job_authorizing,job_running,job_verifying,job_rolling_back,closer_running,quiescing,done,job_succeeded,finished_awaiting_human,needs_decision,dependency_blocked,paused,awaiting_merge,failed,stopped,round_exhausted,acceptance_declined,job_failed,job_rolled_back,job_rollback_failed,scheduler_recovering,scheduler_watching,scheduler_stopping,scheduler_stopped,scheduler_failed
R119	`S`	resume.requested	Terminal state	Same from-state	queued,building,gating,reviewing,awaiting_acceptance,approving,merging,job_authorizing,job_running,job_verifying,job_rolling_back,closer_running,quiescing,done,job_succeeded,finished_awaiting_human,needs_decision,dependency_blocked,paused,awaiting_merge,failed,stopped,round_exhausted,acceptance_declined,job_failed,job_rolled_back,job_rollback_failed,scheduler_recovering,scheduler_watching,scheduler_stopping,scheduler_stopped,scheduler_failed	resume.requested	queued,building,gating,reviewing,awaiting_acceptance,approving,merging,job_authorizing,job_running,job_verifying,job_rolling_back,closer_running,quiescing,done,job_succeeded,finished_awaiting_human,needs_decision,dependency_blocked,paused,awaiting_merge,failed,stopped,round_exhausted,acceptance_declined,job_failed,job_rolled_back,job_rollback_failed,scheduler_recovering,scheduler_watching,scheduler_stopping,scheduler_stopped,scheduler_failed
R120	`needs_decision`	decision.recorded	Authorized non-waiver blocker resolution	`needs_decision`	needs_decision	decision.recorded	needs_decision
R121	`needs_decision`	decision.recorded	Waiver declined	`needs_decision`	needs_decision	decision.recorded	needs_decision
R122	`scheduler_recovering`	recovery.complete	Ownership/replay valid; uncertain tickets held; live handles reconciled	`scheduler_watching`	scheduler_recovering	recovery.complete	scheduler_watching
R123	`scheduler_recovering`	recovery.failed	Ownership/storage/global schema failure	`scheduler_failed`	scheduler_recovering	recovery.failed	scheduler_failed
R124	`scheduler_watching`	scheduler.tick / queue.added	Owner valid	`scheduler_watching`	scheduler_watching	scheduler.tick,queue.added	scheduler_watching
R125	`scheduler_watching`	shutdown.requested	Explicit scheduler shutdown	`scheduler_stopping`	scheduler_watching	shutdown.requested	scheduler_stopping
R126	`scheduler_stopping`	scheduler.tick	Active workflows/children remain	`scheduler_stopping`	scheduler_stopping	scheduler.tick	scheduler_stopping
R127	`scheduler_stopping`	scheduler.tick	No active workflows/children; receipts durable	`scheduler_stopped`	scheduler_stopping	scheduler.tick	scheduler_stopped
R128	`scheduler_recovering`, `scheduler_watching`, `scheduler_stopping`	storage.failed	Journal cannot be safely written	`scheduler_failed`	scheduler_recovering,scheduler_watching,scheduler_stopping	storage.failed	scheduler_failed
R129	`W`	storage.failed	One-shot owner; journal cannot be safely written	`failed`	queued,building,gating,reviewing,awaiting_acceptance,approving,merging,job_authorizing,job_running,job_verifying,job_rolling_back,closer_running,quiescing,finished_awaiting_human,needs_decision,dependency_blocked,paused,awaiting_merge	storage.failed	failed
